{"stats":{"minecraft:custom":{"minecraft:time_since_rest":22553,"minecraft:sprint_one_cm":46901,"minecraft:interact_with_furnace":11,"minecraft:damage_taken":419,"minecraft:walk_one_cm":37195,"minecraft:mob_kills":7,"minecraft:drop":5,"minecraft:damage_dealt":868,"minecraft:swim_one_cm":1691,"minecraft:interact_with_crafting_table":8,"minecraft:fly_one_cm":42347,"minecraft:crouch_one_cm":296,"minecraft:play_time":23436,"minecraft:deaths":1,"minecraft:sneak_time":398,"minecraft:walk_under_water_one_cm":979,"minecraft:boat_one_cm":68524,"minecraft:jump":280,"minecraft:walk_on_water_one_cm":1913,"minecraft:time_since_death":22525,"minecraft:total_world_time":23436,"minecraft:fall_one_cm":5705},"minecraft:picked_up":{"minecraft:birch_log":12,"minecraft:stick":2,"minecraft:raw_iron":1,"minecraft:birch_boat":3,"minecraft:birch_planks":8,"minecraft:porkchop":4,"minecraft:sand":20,"minecraft:oak_log":2,"minecraft:dirt":7,"minecraft:wheat_seeds":1,"minecraft:beef":3,"minecraft:oak_planks":4,"minecraft:mutton":4,"minecraft:birch_sapling":2,"minecraft:white_wool":2,"minecraft:cobblestone":20,"minecraft:furnace":3},"minecraft:dropped":{"minecraft:furnace":1,"minecraft:birch_planks":7,"minecraft:wheat_seeds":1,"minecraft:cooked_porkchop":1,"minecraft:cobblestone":6},"minecraft:mined":{"minecraft:birch_planks":8,"minecraft:furnace":3,"minecraft:birch_log":12,"minecraft:iron_ore":1,"minecraft:short_grass":18,"minecraft:grass_block":2,"minecraft:oak_log":2,"minecraft:sand":21,"minecraft:dirt":4,"minecraft:stone":20,"minecraft:oak_leaves":1},"minecraft:killed_by":{"minecraft:player":1},"minecraft:used":{"minecraft:stone_pickaxe":18,"minecraft:birch_sapling":1,"minecraft:birch_boat":3,"minecraft:wooden_pickaxe":11,"minecraft:stone_axe":51,"minecraft:sand":11,"minecraft:dirt":6,"minecraft:crafting_table":2,"minecraft:cooked_porkchop":1,"minecraft:furnace":2,"minecraft:porkchop":1},"minecraft:killed":{"minecraft:sheep":2,"minecraft:pig":1,"minecraft:cow":2},"minecraft:crafted":{"minecraft:cooked_beef":1,"minecraft:oak_planks":8,"minecraft:cooked_porkchop":3,"minecraft:shield":1,"minecraft:crafting_table":2,"minecraft:stick":8,"minecraft:wooden_pickaxe":1,"minecraft:iron_ingot":1,"minecraft:birch_boat":1,"minecraft:stone_pickaxe":1,"minecraft:furnace":1,"minecraft:birch_planks":28,"minecraft:stone_axe":1,"minecraft:cooked_mutton":2,"minecraft:air":0}},"DataVersion":3953}