{"stats":{"minecraft:custom":{"minecraft:interact_with_furnace":11,"minecraft:mob_kills":8,"minecraft:interact_with_crafting_table":13,"minecraft:time_since_death":34525,"minecraft:time_since_rest":34553,"minecraft:sprint_one_cm":81030,"minecraft:damage_taken":429,"minecraft:walk_one_cm":55923,"minecraft:drop":11,"minecraft:damage_dealt":1777,"minecraft:swim_one_cm":3302,"minecraft:talked_to_villager":1,"minecraft:fly_one_cm":98420,"minecraft:open_chest":2,"minecraft:crouch_one_cm":387,"minecraft:play_time":35436,"minecraft:deaths":1,"minecraft:sneak_time":447,"minecraft:walk_under_water_one_cm":1197,"minecraft:boat_one_cm":71602,"minecraft:jump":514,"minecraft:walk_on_water_one_cm":2030,"minecraft:total_world_time":35436,"minecraft:fall_one_cm":11977},"minecraft:picked_up":{"minecraft:birch_log":12,"minecraft:oak_stairs":1,"minecraft:birch_planks":8,"minecraft:oak_log":16,"minecraft:dirt":7,"minecraft:wheat_seeds":14,"minecraft:iron_ingot":4,"minecraft:beef":3,"minecraft:poppy":1,"minecraft:birch_sapling":2,"minecraft:oak_planks":4,"minecraft:furnace":3,"minecraft:stick":3,"minecraft:raw_iron":1,"minecraft:birch_boat":4,"minecraft:porkchop":4,"minecraft:sand":20,"minecraft:hay_block":22,"minecraft:mutton":4,"minecraft:coal":13,"minecraft:cobblestone":23,"minecraft:white_wool":2},"minecraft:dropped":{"minecraft:bread":2,"minecraft:furnace":1,"minecraft:birch_planks":7,"minecraft:wheat_seeds":4,"minecraft:cooked_porkchop":1,"minecraft:cobblestone":6,"minecraft:shield":1},"minecraft:mined":{"minecraft:glass_pane":1,"minecraft:short_grass":105,"minecraft:grass_block":2,"minecraft:cobblestone":1,"minecraft:tall_grass":25,"minecraft:hay_block":22,"minecraft:birch_planks":8,"minecraft:furnace":3,"minecraft:birch_log":12,"minecraft:iron_ore":1,"minecraft:coal_ore":13,"minecraft:oak_log":16,"minecraft:dirt":4,"minecraft:sand":21,"minecraft:stone":22,"minecraft:oak_leaves":1},"minecraft:killed_by":{"minecraft:player":1},"minecraft:used":{"minecraft:stone_pickaxe":51,"minecraft:wooden_pickaxe":11,"minecraft:birch_boat":4,"minecraft:dirt":6,"minecraft:sand":11,"minecraft:crafting_table":3,"minecraft:iron_pickaxe":25,"minecraft:oak_stairs":1,"minecraft:bread":2,"minecraft:birch_sapling":2,"minecraft:stone_axe":94,"minecraft:cobblestone":1,"minecraft:porkchop":1,"minecraft:furnace":2,"minecraft:cooked_porkchop":1,"minecraft:cooked_beef":1},"minecraft:killed":{"minecraft:pig":1,"minecraft:iron_golem":1,"minecraft:sheep":2,"minecraft:cow":2},"minecraft:crafted":{"minecraft:cooked_beef":1,"minecraft:oak_planks":16,"minecraft:cooked_porkchop":3,"minecraft:crafting_table":3,"minecraft:wooden_pickaxe":1,"minecraft:birch_boat":1,"minecraft:furnace":1,"minecraft:birch_planks":28,"minecraft:stone_axe":1,"minecraft:cooked_mutton":2,"minecraft:bread":66,"minecraft:air":0,"minecraft:shield":2,"minecraft:stick":8,"minecraft:iron_ingot":1,"minecraft:iron_pickaxe":1,"minecraft:stone_pickaxe":1,"minecraft:wheat":198}},"DataVersion":3953}