{"stats":{"minecraft:custom":{"minecraft:interact_with_furnace":11,"minecraft:mob_kills":10,"minecraft:interact_with_crafting_table":14,"minecraft:leave_game":1,"minecraft:time_since_death":39492,"minecraft:time_since_rest":39520,"minecraft:sprint_one_cm":97307,"minecraft:damage_taken":588,"minecraft:walk_one_cm":70566,"minecraft:drop":13,"minecraft:damage_dealt":2138,"minecraft:swim_one_cm":3302,"minecraft:talked_to_villager":1,"minecraft:fly_one_cm":110695,"minecraft:open_chest":4,"minecraft:crouch_one_cm":387,"minecraft:play_time":40403,"minecraft:deaths":1,"minecraft:sneak_time":454,"minecraft:walk_under_water_one_cm":1197,"minecraft:boat_one_cm":71602,"minecraft:jump":586,"minecraft:walk_on_water_one_cm":2030,"minecraft:total_world_time":40403,"minecraft:fall_one_cm":14566},"minecraft:picked_up":{"minecraft:birch_log":12,"minecraft:crafting_table":1,"minecraft:feather":5,"minecraft:oak_stairs":1,"minecraft:birch_planks":8,"minecraft:oak_log":56,"minecraft:dirt":32,"minecraft:wheat_seeds":38,"minecraft:iron_ingot":4,"minecraft:beef":3,"minecraft:poppy":3,"minecraft:light_gray_wool":1,"minecraft:sugar_cane":5,"minecraft:chest":2,"minecraft:birch_sapling":2,"minecraft:oak_planks":4,"minecraft:furnace":3,"minecraft:stick":3,"minecraft:raw_iron":1,"minecraft:birch_boat":4,"minecraft:dandelion":2,"minecraft:porkchop":4,"minecraft:sand":38,"minecraft:spider_eye":1,"minecraft:rotten_flesh":2,"minecraft:beetroot_seeds":2,"minecraft:hay_block":22,"minecraft:oak_sapling":4,"minecraft:mutton":4,"minecraft:coal":13,"minecraft:cobblestone":23,"minecraft:white_wool":2},"minecraft:dropped":{"minecraft:bread":2,"minecraft:furnace":1,"minecraft:birch_planks":7,"minecraft:wheat_seeds":4,"minecraft:oak_log":52,"minecraft:cooked_porkchop":1,"minecraft:cobblestone":6,"minecraft:shield":1},"minecraft:mined":{"minecraft:glass_pane":1,"minecraft:crafting_table":1,"minecraft:short_grass":107,"minecraft:grass_block":5,"minecraft:chest":2,"minecraft:cobblestone":1,"minecraft:tall_grass":33,"minecraft:hay_block":22,"minecraft:birch_planks":8,"minecraft:furnace":3,"minecraft:birch_log":12,"minecraft:iron_ore":1,"minecraft:coal_ore":13,"minecraft:oak_log":30,"minecraft:dirt":4,"minecraft:sand":21,"minecraft:stone":22,"minecraft:oak_leaves":1},"minecraft:killed_by":{"minecraft:player":1},"minecraft:used":{"minecraft:cooked_mutton":2,"minecraft:stone_pickaxe":51,"minecraft:chest":2,"minecraft:wooden_pickaxe":11,"minecraft:birch_boat":4,"minecraft:dirt":24,"minecraft:sand":11,"minecraft:crafting_table":4,"minecraft:iron_pickaxe":25,"minecraft:oak_stairs":1,"minecraft:bread":2,"minecraft:birch_sapling":2,"minecraft:stone_axe":119,"minecraft:cobblestone":1,"minecraft:porkchop":1,"minecraft:furnace":3,"minecraft:cooked_porkchop":1,"minecraft:cooked_beef":1},"minecraft:killed":{"minecraft:pig":1,"minecraft:spider":1,"minecraft:iron_golem":1,"minecraft:sheep":2,"minecraft:zombie":1,"minecraft:cow":2},"minecraft:crafted":{"minecraft:cooked_beef":1,"minecraft:oak_planks":16,"minecraft:cooked_porkchop":3,"minecraft:crafting_table":3,"minecraft:wooden_pickaxe":1,"minecraft:birch_boat":1,"minecraft:furnace":1,"minecraft:birch_planks":28,"minecraft:stone_axe":1,"minecraft:cooked_mutton":2,"minecraft:bread":66,"minecraft:air":0,"minecraft:shield":2,"minecraft:stick":8,"minecraft:iron_ingot":1,"minecraft:iron_pickaxe":1,"minecraft:stone_pickaxe":1,"minecraft:stone_sword":1,"minecraft:wheat":198}},"DataVersion":3953}