{"stats":{"minecraft:custom":{"minecraft:time_since_rest":10553,"minecraft:sprint_one_cm":26026,"minecraft:interact_with_furnace":2,"minecraft:damage_taken":310,"minecraft:walk_one_cm":18586,"minecraft:mob_kills":3,"minecraft:damage_dealt":318,"minecraft:swim_one_cm":1691,"minecraft:interact_with_crafting_table":6,"minecraft:fly_one_cm":13731,"minecraft:crouch_one_cm":27,"minecraft:play_time":11436,"minecraft:deaths":1,"minecraft:sneak_time":55,"minecraft:walk_under_water_one_cm":67,"minecraft:jump":91,"minecraft:walk_on_water_one_cm":1075,"minecraft:time_since_death":10525,"minecraft:total_world_time":11436,"minecraft:fall_one_cm":2063},"minecraft:picked_up":{"minecraft:birch_log":12,"minecraft:raw_iron":1,"minecraft:birch_planks":8,"minecraft:porkchop":4,"minecraft:oak_log":2,"minecraft:dirt":6,"minecraft:birch_sapling":2,"minecraft:cobblestone":20,"minecraft:furnace":1},"minecraft:mined":{"minecraft:birch_planks":8,"minecraft:furnace":1,"minecraft:birch_log":12,"minecraft:iron_ore":1,"minecraft:short_grass":3,"minecraft:grass_block":1,"minecraft:oak_log":2,"minecraft:dirt":4,"minecraft:stone":20},"minecraft:killed_by":{"minecraft:player":1},"minecraft:used":{"minecraft:stone_pickaxe":16,"minecraft:birch_sapling":1,"minecraft:wooden_pickaxe":11,"minecraft:stone_axe":21,"minecraft:dirt":6,"minecraft:crafting_table":2,"minecraft:furnace":1},"minecraft:killed":{"minecraft:pig":1,"minecraft:cow":1},"minecraft:crafted":{"minecraft:shield":1,"minecraft:crafting_table":2,"minecraft:stick":8,"minecraft:wooden_pickaxe":1,"minecraft:iron_ingot":1,"minecraft:birch_boat":1,"minecraft:stone_pickaxe":1,"minecraft:furnace":1,"minecraft:birch_planks":28,"minecraft:stone_axe":1,"minecraft:air":0}},"DataVersion":3953}