{"stats":{"minecraft:custom":{"minecraft:time_since_rest":23407,"minecraft:interact_with_furnace":6,"minecraft:sprint_one_cm":38846,"minecraft:damage_taken":126,"minecraft:walk_one_cm":46794,"minecraft:mob_kills":4,"minecraft:drop":1,"minecraft:damage_dealt":983,"minecraft:swim_one_cm":22990,"minecraft:interact_with_crafting_table":16,"minecraft:fly_one_cm":45860,"minecraft:player_kills":1,"minecraft:open_chest":3,"minecraft:crouch_one_cm":41,"minecraft:play_time":23407,"minecraft:sneak_time":10,"minecraft:walk_under_water_one_cm":3948,"minecraft:boat_one_cm":59064,"minecraft:jump":281,"minecraft:leave_game":1,"minecraft:walk_on_water_one_cm":4298,"minecraft:time_since_death":23407,"minecraft:total_world_time":23407,"minecraft:fall_one_cm":5850},"minecraft:picked_up":{"minecraft:birch_log":17,"minecraft:crafting_table":5,"minecraft:leather_chestplate":1,"minecraft:feather":5,"minecraft:cooked_porkchop":1,"minecraft:birch_boat":3,"minecraft:andesite":1,"minecraft:potion":2,"minecraft:porkchop":6,"minecraft:sand":6,"minecraft:prismarine_crystals":1,"minecraft:dark_oak_log":1,"minecraft:paper":12,"minecraft:dirt":9,"minecraft:cooked_salmon":3,"minecraft:tnt":2,"minecraft:cooked_cod":2,"minecraft:diamond":1,"minecraft:heart_of_the_sea":1,"minecraft:iron_ingot":6,"minecraft:gold_ingot":6,"minecraft:emerald":7,"minecraft:chest":2,"minecraft:cobblestone":23,"minecraft:furnace":1},"minecraft:dropped":{"minecraft:filled_map":1},"minecraft:mined":{"minecraft:birch_log":12,"minecraft:dark_oak_log":1,"minecraft:andesite":1,"minecraft:crafting_table":5,"minecraft:short_grass":2,"minecraft:grass_block":5,"minecraft:chest":2,"minecraft:sand":4,"minecraft:dirt":4,"minecraft:stone":13,"minecraft:oak_leaves":6},"minecraft:used":{"minecraft:wooden_axe":4,"minecraft:iron_axe":19,"minecraft:iron_pickaxe":1,"minecraft:birch_boat":3,"minecraft:wooden_pickaxe":19,"minecraft:iron_sword":11,"minecraft:stone_axe":9,"minecraft:sand":3,"minecraft:dirt":6,"minecraft:cobblestone":3,"minecraft:crafting_table":5,"minecraft:furnace":1,"minecraft:cooked_porkchop":1,"minecraft:cooked_beef":1},"minecraft:killed":{"minecraft:skeleton":1,"minecraft:pig":3},"minecraft:crafted":{"minecraft:iron_boots":1,"minecraft:iron_axe":1,"minecraft:crafting_table":1,"minecraft:birch_boat":1,"minecraft:stick":16,"minecraft:wooden_pickaxe":1,"minecraft:iron_pickaxe":1,"minecraft:iron_helmet":1,"minecraft:stone_pickaxe":1,"minecraft:wooden_axe":1,"minecraft:iron_sword":1,"minecraft:iron_leggings":1,"minecraft:birch_planks":60,"minecraft:stone_axe":1,"minecraft:air":0,"minecraft:cooked_beef":2}},"DataVersion":3953}