{"stats":{"minecraft:custom":{"minecraft:interact_with_furnace":6,"minecraft:mob_kills":7,"minecraft:interact_with_crafting_table":19,"minecraft:leave_game":2,"minecraft:time_since_death":40374,"minecraft:time_since_rest":40374,"minecraft:sprint_one_cm":77497,"minecraft:damage_taken":221,"minecraft:walk_one_cm":100085,"minecraft:damage_blocked_by_shield":30,"minecraft:drop":7,"minecraft:damage_dealt":1674,"minecraft:swim_one_cm":24596,"minecraft:player_kills":1,"minecraft:fly_one_cm":110674,"minecraft:open_chest":8,"minecraft:crouch_one_cm":317,"minecraft:play_time":40374,"minecraft:sneak_time":87,"minecraft:walk_under_water_one_cm":4256,"minecraft:boat_one_cm":59064,"minecraft:jump":576,"minecraft:walk_on_water_one_cm":4512,"minecraft:total_world_time":40374,"minecraft:fall_one_cm":13595},"minecraft:picked_up":{"minecraft:birch_log":22,"minecraft:crafting_table":6,"minecraft:leather_chestplate":1,"minecraft:azure_bluet":1,"minecraft:feather":5,"minecraft:andesite":1,"minecraft:birch_planks":5,"minecraft:potion":2,"minecraft:oak_log":52,"minecraft:shield":1,"minecraft:dirt":57,"minecraft:paper":12,"minecraft:cooked_salmon":3,"minecraft:wheat_seeds":6,"minecraft:heart_of_the_sea":1,"minecraft:iron_ingot":6,"minecraft:stripped_oak_wood":1,"minecraft:poppy":2,"minecraft:chest":2,"minecraft:oak_planks":8,"minecraft:furnace":1,"minecraft:cooked_porkchop":1,"minecraft:birch_boat":3,"minecraft:oak_fence":4,"minecraft:torch":6,"minecraft:dandelion":6,"minecraft:porkchop":6,"minecraft:sand":6,"minecraft:dark_oak_log":1,"minecraft:prismarine_crystals":1,"minecraft:tnt":2,"minecraft:cooked_cod":2,"minecraft:diamond":1,"minecraft:hay_block":9,"minecraft:bread":2,"minecraft:gold_ingot":6,"minecraft:emerald":7,"minecraft:cobblestone":23,"minecraft:oxeye_daisy":1},"minecraft:dropped":{"minecraft:oak_fence":1,"minecraft:filled_map":1,"minecraft:poppy":2,"minecraft:andesite":1,"minecraft:dandelion":4},"minecraft:mined":{"minecraft:dark_oak_log":1,"minecraft:oak_fence":3,"minecraft:cornflower":1,"minecraft:crafting_table":6,"minecraft:short_grass":68,"minecraft:grass_block":43,"minecraft:poppy":1,"minecraft:chest":2,"minecraft:tall_grass":1,"minecraft:oak_planks":9,"minecraft:oxeye_daisy":1,"minecraft:hay_block":9,"minecraft:birch_planks":5,"minecraft:birch_log":17,"minecraft:birch_leaves":1,"minecraft:andesite":1,"minecraft:stripped_oak_wood":1,"minecraft:azure_bluet":1,"minecraft:oak_log":26,"minecraft:dirt_path":4,"minecraft:dirt":4,"minecraft:sand":4,"minecraft:stone":13,"minecraft:oak_leaves":6},"minecraft:used":{"minecraft:birch_planks":70,"minecraft:oak_planks":111,"minecraft:shield":1,"minecraft:chest":2,"minecraft:wooden_pickaxe":19,"minecraft:birch_boat":3,"minecraft:iron_sword":45,"minecraft:dirt":17,"minecraft:sand":3,"minecraft:crafting_table":7,"minecraft:wooden_axe":4,"minecraft:diamond_shovel":41,"minecraft:iron_axe":72,"minecraft:bread":2,"minecraft:iron_pickaxe":1,"minecraft:stone_axe":9,"minecraft:cobblestone":3,"minecraft:furnace":1,"minecraft:cooked_porkchop":1,"minecraft:cooked_beef":1},"minecraft:killed":{"minecraft:pig":3,"minecraft:skeleton":2,"minecraft:zombie":2},"minecraft:crafted":{"minecraft:cooked_beef":2,"minecraft:oak_planks":108,"minecraft:crafting_table":1,"minecraft:wooden_pickaxe":1,"minecraft:birch_boat":1,"minecraft:iron_helmet":1,"minecraft:iron_sword":1,"minecraft:diamond_shovel":1,"minecraft:birch_planks":88,"minecraft:stone_axe":1,"minecraft:bread":26,"minecraft:air":0,"minecraft:iron_boots":1,"minecraft:iron_axe":1,"minecraft:stick":16,"minecraft:iron_pickaxe":1,"minecraft:stone_pickaxe":1,"minecraft:wooden_axe":1,"minecraft:iron_leggings":1,"minecraft:wheat":81}},"DataVersion":3953}