{"stats":{"minecraft:custom":{"minecraft:time_since_rest":11407,"minecraft:sprint_one_cm":19176,"minecraft:walk_one_cm":20586,"minecraft:mob_kills":3,"minecraft:damage_dealt":533,"minecraft:swim_one_cm":22990,"minecraft:interact_with_crafting_table":12,"minecraft:fly_one_cm":19119,"minecraft:player_kills":1,"minecraft:open_chest":2,"minecraft:crouch_one_cm":27,"minecraft:play_time":11407,"minecraft:sneak_time":4,"minecraft:walk_under_water_one_cm":3948,"minecraft:jump":105,"minecraft:leave_game":1,"minecraft:walk_on_water_one_cm":3843,"minecraft:time_since_death":11407,"minecraft:total_world_time":11407,"minecraft:fall_one_cm":2212},"minecraft:picked_up":{"minecraft:birch_log":17,"minecraft:crafting_table":2,"minecraft:feather":5,"minecraft:andesite":1,"minecraft:porkchop":6,"minecraft:dark_oak_log":1,"minecraft:paper":12,"minecraft:dirt":9,"minecraft:chest":1,"minecraft:cobblestone":13},"minecraft:mined":{"minecraft:birch_log":12,"minecraft:dark_oak_log":1,"minecraft:andesite":1,"minecraft:crafting_table":2,"minecraft:short_grass":1,"minecraft:grass_block":5,"minecraft:chest":1,"minecraft:dirt":4,"minecraft:stone":13},"minecraft:used":{"minecraft:wooden_axe":4,"minecraft:iron_axe":4,"minecraft:wooden_pickaxe":19,"minecraft:iron_sword":9,"minecraft:stone_axe":9,"minecraft:dirt":6,"minecraft:cobblestone":3,"minecraft:crafting_table":3},"minecraft:killed":{"minecraft:pig":3},"minecraft:crafted":{"minecraft:iron_boots":1,"minecraft:iron_axe":1,"minecraft:crafting_table":1,"minecraft:stick":16,"minecraft:wooden_pickaxe":1,"minecraft:iron_pickaxe":1,"minecraft:iron_helmet":1,"minecraft:stone_pickaxe":1,"minecraft:wooden_axe":1,"minecraft:iron_sword":1,"minecraft:birch_planks":60,"minecraft:stone_axe":1}},"DataVersion":3953}