{"stats":{"minecraft:custom":{"minecraft:interact_with_furnace":6,"minecraft:mob_kills":4,"minecraft:interact_with_crafting_table":18,"minecraft:leave_game":1,"minecraft:time_since_death":35407,"minecraft:time_since_rest":35407,"minecraft:sprint_one_cm":70120,"minecraft:damage_taken":146,"minecraft:walk_one_cm":79186,"minecraft:drop":1,"minecraft:damage_dealt":983,"minecraft:swim_one_cm":24596,"minecraft:player_kills":1,"minecraft:fly_one_cm":99890,"minecraft:open_chest":7,"minecraft:crouch_one_cm":41,"minecraft:play_time":35407,"minecraft:sneak_time":10,"minecraft:walk_under_water_one_cm":4256,"minecraft:boat_one_cm":59064,"minecraft:jump":492,"minecraft:walk_on_water_one_cm":4512,"minecraft:total_world_time":35407,"minecraft:fall_one_cm":12360},"minecraft:picked_up":{"minecraft:birch_log":22,"minecraft:crafting_table":6,"minecraft:leather_chestplate":1,"minecraft:feather":5,"minecraft:andesite":1,"minecraft:birch_planks":5,"minecraft:potion":2,"minecraft:oak_log":26,"minecraft:shield":1,"minecraft:dirt":10,"minecraft:paper":12,"minecraft:cooked_salmon":3,"minecraft:wheat_seeds":6,"minecraft:heart_of_the_sea":1,"minecraft:iron_ingot":6,"minecraft:chest":2,"minecraft:furnace":1,"minecraft:cooked_porkchop":1,"minecraft:birch_boat":3,"minecraft:torch":2,"minecraft:dandelion":2,"minecraft:porkchop":6,"minecraft:sand":6,"minecraft:dark_oak_log":1,"minecraft:prismarine_crystals":1,"minecraft:tnt":2,"minecraft:cooked_cod":2,"minecraft:diamond":1,"minecraft:hay_block":9,"minecraft:bread":2,"minecraft:gold_ingot":6,"minecraft:emerald":7,"minecraft:cobblestone":23},"minecraft:dropped":{"minecraft:filled_map":1},"minecraft:mined":{"minecraft:dark_oak_log":1,"minecraft:crafting_table":6,"minecraft:short_grass":61,"minecraft:grass_block":6,"minecraft:chest":2,"minecraft:tall_grass":1,"minecraft:hay_block":9,"minecraft:birch_planks":5,"minecraft:birch_log":17,"minecraft:birch_leaves":1,"minecraft:andesite":1,"minecraft:oak_log":26,"minecraft:dirt":4,"minecraft:sand":4,"minecraft:stone":13,"minecraft:oak_leaves":6},"minecraft:used":{"minecraft:birch_planks":45,"minecraft:oak_planks":52,"minecraft:chest":2,"minecraft:wooden_pickaxe":19,"minecraft:birch_boat":3,"minecraft:iron_sword":30,"minecraft:dirt":6,"minecraft:sand":3,"minecraft:crafting_table":7,"minecraft:wooden_axe":4,"minecraft:iron_axe":59,"minecraft:bread":2,"minecraft:iron_pickaxe":1,"minecraft:stone_axe":9,"minecraft:cobblestone":3,"minecraft:furnace":1,"minecraft:cooked_porkchop":1,"minecraft:cooked_beef":1},"minecraft:killed":{"minecraft:pig":3,"minecraft:skeleton":1},"minecraft:crafted":{"minecraft:cooked_beef":2,"minecraft:oak_planks":104,"minecraft:crafting_table":1,"minecraft:wooden_pickaxe":1,"minecraft:birch_boat":1,"minecraft:iron_helmet":1,"minecraft:iron_sword":1,"minecraft:birch_planks":88,"minecraft:stone_axe":1,"minecraft:bread":26,"minecraft:air":0,"minecraft:iron_boots":1,"minecraft:iron_axe":1,"minecraft:stick":16,"minecraft:iron_pickaxe":1,"minecraft:stone_pickaxe":1,"minecraft:wooden_axe":1,"minecraft:iron_leggings":1,"minecraft:wheat":81}},"DataVersion":3953}