{"stats":{"minecraft:custom":{"minecraft:time_since_rest":7063,"minecraft:play_time":7063,"minecraft:sprint_one_cm":8119,"minecraft:damage_taken":70,"minecraft:walk_one_cm":12393,"minecraft:sneak_time":28,"minecraft:walk_under_water_one_cm":2716,"minecraft:mob_kills":1,"minecraft:boat_one_cm":61736,"minecraft:jump":95,"minecraft:damage_dealt":100,"minecraft:leave_game":1,"minecraft:time_since_death":7063,"minecraft:walk_on_water_one_cm":948,"minecraft:total_world_time":7063,"minecraft:swim_one_cm":1702,"minecraft:interact_with_crafting_table":1,"minecraft:fall_one_cm":2465,"minecraft:fly_one_cm":15812},"minecraft:picked_up":{"minecraft:birch_log":10,"minecraft:crafting_table":1,"minecraft:birch_boat":1,"minecraft:kelp":1,"minecraft:porkchop":3},"minecraft:mined":{"minecraft:kelp_plant":1,"minecraft:birch_log":10,"minecraft:kelp":1,"minecraft:crafting_table":1},"minecraft:used":{"minecraft:crafting_table":1,"minecraft:porkchop":2,"minecraft:birch_boat":1},"minecraft:killed":{"minecraft:pig":1},"minecraft:crafted":{"minecraft:birch_planks":40,"minecraft:crafting_table":1,"minecraft:birch_boat":1}},"DataVersion":3953}