{"stats":{"minecraft:custom":{"minecraft:interact_with_furnace":5,"minecraft:mob_kills":11,"minecraft:interact_with_crafting_table":6,"minecraft:bell_ring":4,"minecraft:leave_game":1,"minecraft:time_since_death":34416,"minecraft:climb_one_cm":1252,"minecraft:time_since_rest":34416,"minecraft:sprint_one_cm":109754,"minecraft:damage_taken":558,"minecraft:walk_one_cm":99573,"minecraft:drop":4,"minecraft:damage_dealt":1160,"minecraft:fly_one_cm":68495,"minecraft:open_chest":3,"minecraft:crouch_one_cm":250,"minecraft:play_time":34416,"minecraft:sneak_time":74,"minecraft:walk_under_water_one_cm":474,"minecraft:boat_one_cm":60164,"minecraft:jump":522,"minecraft:walk_on_water_one_cm":8289,"minecraft:total_world_time":34416,"minecraft:fall_one_cm":15597},"minecraft:picked_up":{"minecraft:birch_log":11,"minecraft:crafting_table":1,"minecraft:leather":5,"minecraft:oak_stairs":2,"minecraft:potato":17,"minecraft:birch_planks":7,"minecraft:oak_log":1,"minecraft:dirt":4,"minecraft:apple":2,"minecraft:wheat_seeds":13,"minecraft:beef":9,"minecraft:light_gray_wool":1,"minecraft:sugar_cane":5,"minecraft:chest":1,"minecraft:oak_planks":1,"minecraft:stick":2,"minecraft:cooked_porkchop":1,"minecraft:birch_boat":2,"minecraft:oak_fence":1,"minecraft:dandelion":1,"minecraft:porkchop":5,"minecraft:sand":15,"minecraft:white_bed":1,"minecraft:carrot":3,"minecraft:beetroot_seeds":2,"minecraft:bread":3,"minecraft:mutton":5,"minecraft:white_wool":2,"minecraft:cobblestone":11},"minecraft:dropped":{"minecraft:cooked_porkchop":1,"minecraft:cobblestone":4,"minecraft:birch_boat":2},"minecraft:mined":{"minecraft:white_bed":1,"minecraft:oak_fence":1,"minecraft:crafting_table":1,"minecraft:short_grass":15,"minecraft:grass_block":4,"minecraft:chest":1,"minecraft:tall_grass":1,"minecraft:sugar_cane":2,"minecraft:oak_planks":1,"minecraft:carrots":4,"minecraft:birch_log":11,"minecraft:wheat":9,"minecraft:birch_leaves":7,"minecraft:potatoes":5,"minecraft:oak_log":1,"minecraft:beetroots":2,"minecraft:oak_stairs":3,"minecraft:loom":1,"minecraft:sand":17,"minecraft:dirt":1,"minecraft:stone":11},"minecraft:used":{"minecraft:birch_planks":14,"minecraft:stone_shovel":14,"minecraft:stone_pickaxe":4,"minecraft:wooden_pickaxe":11,"minecraft:mutton":5,"minecraft:crafting_table":1,"minecraft:white_bed":1,"minecraft:bread":3,"minecraft:stone_axe":58,"minecraft:beef":9,"minecraft:porkchop":5,"minecraft:potato":7},"minecraft:killed":{"minecraft:pig":3,"minecraft:sheep":3,"minecraft:cow":5},"minecraft:crafted":{"minecraft:stone_shovel":1,"minecraft:crafting_table":1,"minecraft:wooden_pickaxe":1,"minecraft:birch_planks":44,"minecraft:stone_axe":1,"minecraft:stick":8,"minecraft:stone_pickaxe":1}},"DataVersion":3953}