{"stats":{"minecraft:custom":{"minecraft:time_since_rest":23117,"minecraft:interact_with_furnace":5,"minecraft:sprint_one_cm":63077,"minecraft:damage_taken":245,"minecraft:walk_one_cm":62289,"minecraft:mob_kills":11,"minecraft:drop":4,"minecraft:damage_dealt":1040,"minecraft:interact_with_crafting_table":6,"minecraft:fly_one_cm":36121,"minecraft:crouch_one_cm":23,"minecraft:play_time":23117,"minecraft:sneak_time":13,"minecraft:walk_under_water_one_cm":474,"minecraft:boat_one_cm":60164,"minecraft:jump":302,"minecraft:leave_game":1,"minecraft:time_since_death":23117,"minecraft:walk_on_water_one_cm":7485,"minecraft:total_world_time":23117,"minecraft:fall_one_cm":6722},"minecraft:picked_up":{"minecraft:birch_log":11,"minecraft:stick":2,"minecraft:crafting_table":1,"minecraft:cooked_porkchop":1,"minecraft:birch_boat":2,"minecraft:leather":5,"minecraft:birch_planks":7,"minecraft:porkchop":5,"minecraft:sand":15,"minecraft:dirt":2,"minecraft:wheat_seeds":1,"minecraft:beef":9,"minecraft:light_gray_wool":1,"minecraft:sugar_cane":5,"minecraft:mutton":5,"minecraft:white_wool":2,"minecraft:cobblestone":11},"minecraft:dropped":{"minecraft:cooked_porkchop":1,"minecraft:cobblestone":4,"minecraft:birch_boat":2},"minecraft:mined":{"minecraft:birch_log":11,"minecraft:birch_leaves":7,"minecraft:crafting_table":1,"minecraft:short_grass":8,"minecraft:grass_block":2,"minecraft:sand":17,"minecraft:dirt":1,"minecraft:stone":11,"minecraft:sugar_cane":2},"minecraft:used":{"minecraft:birch_planks":11,"minecraft:stone_shovel":14,"minecraft:stone_pickaxe":4,"minecraft:wooden_pickaxe":11,"minecraft:stone_axe":30,"minecraft:beef":9,"minecraft:crafting_table":1},"minecraft:killed":{"minecraft:sheep":3,"minecraft:pig":3,"minecraft:cow":5},"minecraft:crafted":{"minecraft:stone_shovel":1,"minecraft:crafting_table":1,"minecraft:stick":8,"minecraft:wooden_pickaxe":1,"minecraft:stone_pickaxe":1,"minecraft:birch_planks":44,"minecraft:stone_axe":1}},"DataVersion":3953}