{"stats":{"minecraft:custom":{"minecraft:time_since_rest":10680,"minecraft:sprint_one_cm":39854,"minecraft:damage_taken":50,"minecraft:walk_one_cm":36725,"minecraft:mob_kills":11,"minecraft:damage_dealt":1040,"minecraft:interact_with_crafting_table":4,"minecraft:fly_one_cm":11261,"minecraft:play_time":10680,"minecraft:walk_under_water_one_cm":398,"minecraft:jump":112,"minecraft:time_since_death":10680,"minecraft:walk_on_water_one_cm":6265,"minecraft:total_world_time":10680,"minecraft:fall_one_cm":2011},"minecraft:picked_up":{"minecraft:birch_log":11,"minecraft:stick":2,"minecraft:crafting_table":1,"minecraft:leather":5,"minecraft:porkchop":5,"minecraft:dirt":2,"minecraft:beef":9,"minecraft:light_gray_wool":1,"minecraft:sugar_cane":5,"minecraft:mutton":5,"minecraft:white_wool":2,"minecraft:cobblestone":11},"minecraft:mined":{"minecraft:birch_log":11,"minecraft:birch_leaves":7,"minecraft:crafting_table":1,"minecraft:short_grass":7,"minecraft:grass_block":2,"minecraft:dirt":1,"minecraft:stone":11,"minecraft:sugar_cane":2},"minecraft:used":{"minecraft:birch_planks":8,"minecraft:wooden_pickaxe":11,"minecraft:stone_axe":30,"minecraft:beef":3,"minecraft:crafting_table":1},"minecraft:killed":{"minecraft:sheep":3,"minecraft:pig":3,"minecraft:cow":5},"minecraft:crafted":{"minecraft:crafting_table":1,"minecraft:stick":8,"minecraft:wooden_pickaxe":1,"minecraft:stone_pickaxe":1,"minecraft:birch_planks":44,"minecraft:stone_axe":1}},"DataVersion":3953}